Metric,Value
Expected Annual Return,0.118560422846815
Annual Volatility,0.19796199749994278
Sharpe Ratio,0.2705591149979707
