,RELIANCE,TCS,INFY,HDFCBANK,ICICIBANK
RELIANCE,1.0,0.6357976082954088,0.3360149038936416,0.4376447110767374,0.3001032310606146
TCS,0.6357976082954088,1.0,0.34956639322137834,0.41605086252362544,0.31212067457241066
INFY,0.3360149038936416,0.34956639322137834,1.0,0.33953130037529977,0.7210361875211431
HDFCBANK,0.4376447110767374,0.41605086252362544,0.33953130037529977,1.0,0.36771744096807046
ICICIBANK,0.3001032310606146,0.31212067457241066,0.7210361875211431,0.36771744096807046,1.0
